{"cameraMode":{"drawMode":0,"name":"Shaded","section":"Shading Mode"},"sceneLighting":false,"audioPlay":false,"sceneViewState":{"showFog":true,"showMaterialUpdate":false,"showSkybox":true,"showFlares":true,"showImageEffects":true,"showParticleSystems":true},"in2DMode":false,"pivot":{"x":-0.10443592071533203,"y":0.9224587082862854,"z":-1.883607029914856},"rotation":{"x":-0.42968156933784487,"y":0.10362663865089417,"z":-0.04971587657928467,"w":-0.8956359028816223},"size":19.438112258911134,"orthographic":false}