{"cameraMode":{"drawMode":0,"name":"Shaded","section":"Shading Mode"},"sceneLighting":false,"audioPlay":false,"sceneViewState":{"showFog":true,"showMaterialUpdate":false,"showSkybox":true,"showFlares":true,"showImageEffects":true,"showParticleSystems":true},"in2DMode":false,"pivot":{"x":-0.3463189899921417,"y":3.0385794639587404,"z":-1.2527732849121094},"rotation":{"x":0.21316108107566834,"y":0.0023474358022212984,"z":-0.0005122229922562838,"w":0.9770141839981079},"size":23.757097244262697,"orthographic":false}