{"cameraMode":{"drawMode":0,"name":"Shaded","section":"Shading Mode"},"sceneLighting":false,"audioPlay":false,"sceneViewState":{"showFog":true,"showMaterialUpdate":false,"showSkybox":true,"showFlares":true,"showImageEffects":true,"showParticleSystems":true},"in2DMode":false,"pivot":{"x":-0.13647624850273133,"y":0.020408034324645997,"z":-0.2032349407672882},"rotation":{"x":0.2903565764427185,"y":-0.4548925459384918,"z":0.15979215502738954,"w":0.8265787363052368},"size":0.8009461760520935,"orthographic":false}