{"cameraMode":{"drawMode":0,"name":"Shaded","section":"Shading Mode"},"sceneLighting":false,"audioPlay":false,"sceneViewState":{"showFog":true,"showMaterialUpdate":false,"showSkybox":true,"showFlares":true,"showImageEffects":true,"showParticleSystems":true},"in2DMode":false,"pivot":{"x":3.4000000953674318,"y":0.699999988079071,"z":0.0},"rotation":{"x":0.2538749873638153,"y":0.029885828495025636,"z":-0.007848285138607026,"w":0.9667433500289917},"size":17.24625015258789,"orthographic":false}