{"cameraMode":{"drawMode":0,"name":"Shaded","section":"Shading Mode"},"sceneLighting":true,"audioPlay":false,"sceneViewState":{"showFog":true,"showMaterialUpdate":false,"showSkybox":true,"showFlares":true,"showImageEffects":true,"showParticleSystems":true},"in2DMode":false,"pivot":{"x":2.5651397705078127,"y":-2.106616497039795,"z":-3.9918739795684816},"rotation":{"x":0.5456340312957764,"y":-0.038182348012924197,"z":0.02489769645035267,"w":0.8367829918861389},"size":1.1317696571350098,"orthographic":false}