{"cameraMode":{"drawMode":0,"name":"Shaded","section":"Shading Mode"},"sceneLighting":false,"audioPlay":false,"sceneViewState":{"showFog":true,"showMaterialUpdate":false,"showSkybox":true,"showFlares":true,"showImageEffects":true,"showParticleSystems":true},"in2DMode":false,"pivot":{"x":-2.1670138835906984,"y":2.1133627891540529,"z":-3.537400484085083},"rotation":{"x":0.1262272447347641,"y":-0.7192296981811523,"z":0.1355758011341095,"w":0.6696227192878723},"size":2.813218116760254,"orthographic":false}