{"cameraMode":{"drawMode":0,"name":"Shaded","section":"Shading Mode"},"sceneLighting":true,"audioPlay":false,"sceneViewState":{"showFog":true,"showMaterialUpdate":false,"showSkybox":true,"showFlares":true,"showImageEffects":true,"showParticleSystems":true},"in2DMode":false,"pivot":{"x":8.057126998901368,"y":4.771306991577148,"z":6.541072368621826},"rotation":{"x":-0.5010024309158325,"y":0.03865727782249451,"z":-0.022408239543437959,"w":-0.8642916679382324},"size":12.506388664245606,"orthographic":false}