{"cameraMode":{"drawMode":0,"name":"Shaded","section":"Shading Mode"},"sceneLighting":false,"audioPlay":false,"sceneViewState":{"showFog":true,"showMaterialUpdate":false,"showSkybox":true,"showFlares":true,"showImageEffects":true,"showParticleSystems":true},"in2DMode":false,"pivot":{"x":2.1424171924591066,"y":5.600000381469727,"z":1.4157273769378663},"rotation":{"x":-0.48037612438201907,"y":-0.02656993828713894,"z":0.014561701565980912,"w":-0.8765391111373901},"size":51.882747650146487,"orthographic":false}