{"cameraMode":{"drawMode":0,"name":"Shaded","section":"Shading Mode"},"sceneLighting":false,"audioPlay":false,"sceneViewState":{"showFog":true,"showMaterialUpdate":false,"showSkybox":true,"showFlares":true,"showImageEffects":true,"showParticleSystems":true},"in2DMode":false,"pivot":{"x":1.378931999206543,"y":-1.670098900794983,"z":6.893209934234619},"rotation":{"x":0.1841597557067871,"y":-0.6946762800216675,"z":0.19137033820152284,"w":0.6684963703155518},"size":0.5369483232498169,"orthographic":false}